obsID,Vmag,SpType,ra,dec,airmass,exptime
327246,1.86,B3V,13:47:32.40,+49:18:47.81,1.0670821200837184,20.0
327341,2.2,A1V,13:23:55.20,+54:55:25.00,1.1128657877746015,31.5
327657,4.71,B9III,16:02:47.90,+46:02:12.08,1.0470940087862541,250.0
327764,4.2,B9V,16:34:06.20,+42:26:13.31,1.0290332844150532,146.0
336199,3.87,B5IV,16:19:44.40,+46:18:48.10,1.0485890808674017,300.0
336615,2.22,A1.5Vas,13:23:55.50,+54:55:31.30,1.1128825689045632,687.3
340251,4.01,A5V+M3-4V,13:25:13.50,+54:59:16.62,1.1134280032661892,70.0
340253,4.75,A7V,14:16:09.90,+51:22:01.99,1.0823101659108316,130.0
340647,3.68,A0III,14:04:23.30,+64:22:33.10,1.2281510265091082,60.0
340867,4.51,A7IV,14:13:29.00,+51:47:23.89,1.0857041675610477,100.0
340877,4.7,A4V,13:34:27.30,+49:00:57.49,1.0650999566542185,120.0
349778,5.19,A2IV,15:46:40.00,+62:35:58.42,1.2028064003609082,450.0
370939,5.39,B9V,16:36:13.40,+52:55:26.00,1.0955935652349786,130.0
390231,6.83,A8.5III,13:35:14.10,+44:11:49.42,1.0367663351211651,1000.0
473126,1.77,A1III-IVpkB9,12:54:01.70,+55:57:35.39,1.1228572680936924,74.0
